{"Discharge": {"mean": 1360.6327312534208, "std": 1612.2710558686535}, "Dayl": {"mean": 43185.709085933224, "std": 9184.385053736776}, "Prcp": {"mean": 2.889003831417625, "std": 5.133452023271645}, "Srad": {"mean": 304.9380240831965, "std": 144.19325801067183}, "Swe": {"mean": 0.0, "std": 0.0}, "Tmax": {"mean": 9.151401204159825, "std": 12.108330168992536}, "Tmin": {"mean": -2.798155446086481, "std": 11.777398800217815}, "Vp": {"mean": 653.7070771756979, "std": 471.6431943022708}}