{"Discharge": {"mean": 398.1696770662288, "std": 474.7066825964249}, "Dayl": {"mean": 43186.98572523263, "std": 8461.1058020598}, "Prcp": {"mean": 3.1510125889436233, "std": 6.569126228142165}, "Srad": {"mean": 311.1844937055282, "std": 131.11540137724825}, "Swe": {"mean": 0.0, "std": 0.0}, "Tmax": {"mean": 12.001401204159823, "std": 10.655656762332717}, "Tmin": {"mean": 0.6142911877394635, "std": 10.116879780519117}, "Vp": {"mean": 781.6105418719212, "std": 485.51839356586646}}