{"Discharge": {"mean": 492.48379857690196, "std": 893.0966946788249}, "Dayl": {"mean": 43186.56288998359, "std": 8606.630959369217}, "Prcp": {"mean": 3.076168582375479, "std": 6.430715807289839}, "Srad": {"mean": 316.664258347017, "std": 144.01209169194277}, "Swe": {"mean": 0.0, "std": 0.0}, "Tmax": {"mean": 10.492282430213466, "std": 11.807486987067245}, "Tmin": {"mean": -1.6006458675424193, "std": 10.92339509361607}, "Vp": {"mean": 692.2437055281883, "std": 470.60468782894543}}