{"Discharge": {"mean": 2186.998357963875, "std": 3189.9179720914453}, "Dayl": {"mean": 43186.332298850575, "std": 8784.907322910354}, "Prcp": {"mean": 2.861423097974822, "std": 5.5445168290338795}, "Srad": {"mean": 310.0867104542967, "std": 138.8476277927126}, "Swe": {"mean": 0.0, "std": 0.0}, "Tmax": {"mean": 10.792676518883416, "std": 11.634191682589785}, "Tmin": {"mean": -1.1570662287903666, "std": 10.967672867309089}, "Vp": {"mean": 712.5502025177888, "std": 484.3345960508883}}