{"Discharge": {"mean": 610.8927203065134, "std": 1058.8362830747349}, "Dayl": {"mean": 43186.73961138478, "std": 8526.610197259639}, "Prcp": {"mean": 2.8572523262178433, "std": 6.243093130235339}, "Srad": {"mean": 316.1614449917898, "std": 141.3489244855546}, "Swe": {"mean": 0.0, "std": 0.0}, "Tmax": {"mean": 10.223185550082103, "std": 11.744548703071874}, "Tmin": {"mean": -1.6356048166392991, "std": 10.993820862461892}, "Vp": {"mean": 693.9145101258895, "std": 472.8162606463153}}