{"Discharge": {"mean": 331.7065681444992, "std": 618.1701899795871}, "Dayl": {"mean": 43186.76663929939, "std": 8518.357138544914}, "Prcp": {"mean": 3.343672687465791, "std": 5.793991480031963}, "Srad": {"mean": 326.13432950191566, "std": 151.28049368645787}, "Swe": {"mean": 0.0, "std": 0.0}, "Tmax": {"mean": 8.659255610290092, "std": 11.66161007793838}, "Tmin": {"mean": -2.3560536398467433, "std": 11.525415071815202}, "Vp": {"mean": 672.3757525998906, "std": 467.76468752038204}}