{"Discharge": {"mean": 165.76130268199236, "std": 326.7899522450697}, "Dayl": {"mean": 43187.13746579092, "std": 8321.378284097424}, "Prcp": {"mean": 3.673612479474549, "std": 7.325432888817062}, "Srad": {"mean": 322.07313628899834, "std": 145.56806048689097}, "Swe": {"mean": 0.0, "std": 0.0}, "Tmax": {"mean": 9.924657909140667, "std": 11.162555553000345}, "Tmin": {"mean": -1.4156869184455392, "std": 10.591283180786801}, "Vp": {"mean": 696.1428407224959, "std": 461.9657719863478}}