{"Discharge": {"mean": 185.1029556650246, "std": 352.7449251282654}, "Dayl": {"mean": 43187.33327859879, "std": 8443.161177457665}, "Prcp": {"mean": 3.0631143951833604, "std": 6.284571355222968}, "Srad": {"mean": 325.8785659551176, "std": 146.56770653648866}, "Swe": {"mean": 0.0, "std": 0.0}, "Tmax": {"mean": 9.508303229337711, "std": 11.523207777862522}, "Tmin": {"mean": -2.0479419813902573, "std": 11.006394677716694}, "Vp": {"mean": 674.0837931034484, "std": 459.7024513852913}}