{"Discharge": {"mean": 115.93470169677067, "std": 190.65670794579324}, "Dayl": {"mean": 43187.138669950735, "std": 8333.389840504813}, "Prcp": {"mean": 3.1722386425834705, "std": 7.143561449124004}, "Srad": {"mean": 316.5311165845649, "std": 133.9845577714313}, "Swe": {"mean": 0.0, "std": 0.0}, "Tmax": {"mean": 11.471417624521072, "std": 11.182905350830154}, "Tmin": {"mean": -0.00464696223316901, "std": 10.577699232605895}, "Vp": {"mean": 766.3982430213464, "std": 503.3946090996303}}