{"Discharge": {"mean": 127.6224411603722, "std": 189.49998211109514}, "Dayl": {"mean": 43187.2332785988, "std": 8097.132579200246}, "Prcp": {"mean": 3.2548823207443895, "std": 6.97891271615612}, "Srad": {"mean": 323.05403940886697, "std": 138.28648820448203}, "Swe": {"mean": 0.0, "std": 0.0}, "Tmax": {"mean": 12.289173508483854, "std": 11.347126671922352}, "Tmin": {"mean": -0.13761357416529815, "std": 10.382338909132532}, "Vp": {"mean": 755.0513902572524, "std": 498.1110311538004}}