{"Discharge": {"mean": 16.304696223316913, "std": 26.917836180839103}, "Dayl": {"mean": 43187.51632183909, "std": 7966.457302546609}, "Prcp": {"mean": 3.151631089217296, "std": 6.970983025940358}, "Srad": {"mean": 306.01019157088126, "std": 122.1463034408646}, "Swe": {"mean": 0.0, "std": 0.0}, "Tmax": {"mean": 14.40424192665572, "std": 10.624554585730332}, "Tmin": {"mean": 2.515484400656815, "std": 9.893169505932544}, "Vp": {"mean": 892.923776683087, "std": 564.9515203907876}}