{"Discharge": {"mean": 8.455878489326766, "std": 10.23272695383995}, "Dayl": {"mean": 43188.55506294472, "std": 7494.388067526041}, "Prcp": {"mean": 3.822605363984674, "std": 8.469270850526444}, "Srad": {"mean": 305.1524083196497, "std": 114.33565883852289}, "Swe": {"mean": 0.0, "std": 0.0}, "Tmax": {"mean": 15.25488232074439, "std": 9.476788015443256}, "Tmin": {"mean": 5.224214559386973, "std": 9.131663914217357}, "Vp": {"mean": 1044.4036726874658, "std": 608.0129278565269}}