{"Discharge": {"mean": 47.92599890530925, "std": 64.69424724874806}, "Dayl": {"mean": 43187.94734537494, "std": 7574.358389117268}, "Prcp": {"mean": 3.587810618500274, "std": 8.120262833117005}, "Srad": {"mean": 309.6056376573618, "std": 114.01289104285395}, "Swe": {"mean": 0.0, "std": 0.0}, "Tmax": {"mean": 14.92273672687466, "std": 9.935287303277486}, "Tmin": {"mean": 4.179868637110017, "std": 9.405710471195034}, "Vp": {"mean": 983.3793322386426, "std": 591.3516257469793}}