{"Discharge": {"mean": 48.15320197044335, "std": 66.52787647015242}, "Dayl": {"mean": 43188.27099069513, "std": 7612.033964351808}, "Prcp": {"mean": 3.5021018062397373, "std": 7.792693123476857}, "Srad": {"mean": 311.44220580186095, "std": 114.6734674147489}, "Swe": {"mean": 0.0, "std": 0.0}, "Tmax": {"mean": 14.644411603721949, "std": 10.117252175839335}, "Tmin": {"mean": 3.6823864258347014, "std": 9.513635035333921}, "Vp": {"mean": 954.1788505747126, "std": 579.9609201309877}}