{"Discharge": {"mean": 146.8024083196497, "std": 188.60880522160477}, "Dayl": {"mean": 43187.13886152161, "std": 8289.9623990664}, "Prcp": {"mean": 2.916217843459223, "std": 5.802945496233389}, "Srad": {"mean": 316.5599069512862, "std": 133.44364875495666}, "Swe": {"mean": 0.0, "std": 0.0}, "Tmax": {"mean": 11.204767378215655, "std": 11.595439277367788}, "Tmin": {"mean": -0.7350410509031199, "std": 11.035364303849978}, "Vp": {"mean": 733.1914668856049, "std": 494.8611941214973}}