{"Discharge": {"mean": 147.79824849480022, "std": 223.97354531331692}, "Dayl": {"mean": 43187.33610290093, "std": 8394.511156100918}, "Prcp": {"mean": 3.381105637657362, "std": 6.21374987390113}, "Srad": {"mean": 320.90470169677064, "std": 140.77285708412626}, "Swe": {"mean": 0.0, "std": 0.0}, "Tmax": {"mean": 10.047137383689106, "std": 11.678777869913642}, "Tmin": {"mean": -1.8285878489326766, "std": 11.341302025347355}, "Vp": {"mean": 690.6923097974823, "std": 475.4179636902372}}