{"Discharge": {"mean": 13.856622879036674, "std": 15.790795467685603}, "Dayl": {"mean": 43187.136726874654, "std": 8241.324737374656}, "Prcp": {"mean": 3.031735084838533, "std": 6.109978138961519}, "Srad": {"mean": 319.20678708264916, "std": 135.1389733982327}, "Swe": {"mean": 0.0, "std": 0.0}, "Tmax": {"mean": 10.255779967159278, "std": 11.364861787155785}, "Tmin": {"mean": -0.7690257252326218, "std": 10.914622231612604}, "Vp": {"mean": 730.7370826491516, "std": 492.1604665187117}}