{"Discharge": {"mean": 197.90914066776136, "std": 295.78867130239854}, "Dayl": {"mean": 43187.13666119322, "std": 8299.776836251933}, "Prcp": {"mean": 3.6789053092501374, "std": 6.738068177597093}, "Srad": {"mean": 321.7625670498084, "std": 146.97034630243132}, "Swe": {"mean": 0.0, "std": 0.0}, "Tmax": {"mean": 9.46863163656267, "std": 11.326716485426523}, "Tmin": {"mean": -2.0477394636015327, "std": 10.654141160018664}, "Vp": {"mean": 666.9293322386427, "std": 446.3324888816826}}