{"Discharge": {"mean": 1242.6387520525452, "std": 1689.5692104687662}, "Dayl": {"mean": 43187.48434044882, "std": 8182.485850762192}, "Prcp": {"mean": 3.249058565955118, "std": 6.508485537988933}, "Srad": {"mean": 316.544345922277, "std": 131.07485767871248}, "Swe": {"mean": 0.0, "std": 0.0}, "Tmax": {"mean": 11.378817733990147, "std": 11.210122495144137}, "Tmin": {"mean": -0.3457909140667759, "std": 10.715566895639395}, "Vp": {"mean": 750.4349534756432, "std": 496.30173137714}}