{"Discharge": {"mean": 48.72928297755884, "std": 65.15653307610562}, "Dayl": {"mean": 43187.17791461412, "std": 8211.97032752932}, "Prcp": {"mean": 3.1195019157088124, "std": 6.450925651110648}, "Srad": {"mean": 317.66479474548436, "std": 130.61504706679776}, "Swe": {"mean": 0.0, "std": 0.0}, "Tmax": {"mean": 11.556912972085385, "std": 11.32426693789986}, "Tmin": {"mean": -0.22615216201423088, "std": 10.80670688085952}, "Vp": {"mean": 757.2390202517788, "std": 502.9763722930478}}