{"Discharge": {"mean": 209.0177887246853, "std": 292.01028462422926}, "Dayl": {"mean": 43188.202939244664, "std": 7854.253828041528}, "Prcp": {"mean": 3.879764641488779, "std": 8.169013099923564}, "Srad": {"mean": 329.063535851122, "std": 136.93373952357945}, "Swe": {"mean": 0.0, "std": 0.0}, "Tmax": {"mean": 12.58529282977559, "std": 10.98918045808609}, "Tmin": {"mean": 0.34148330596606463, "std": 10.06783875279979}, "Vp": {"mean": 773.260678708265, "std": 494.94427799005035}}