{"Discharge": {"mean": 33.10617952928298, "std": 42.962087429049454}, "Dayl": {"mean": 43188.3711001642, "std": 7861.16980263716}, "Prcp": {"mean": 3.593935413245758, "std": 7.776866064523069}, "Srad": {"mean": 328.6836945812808, "std": 132.06328820303384}, "Swe": {"mean": 0.0, "std": 0.0}, "Tmax": {"mean": 13.130799124247401, "std": 10.873559131631655}, "Tmin": {"mean": 0.6497974822112758, "std": 9.979859521590656}, "Vp": {"mean": 787.0112370005475, "std": 500.7442647711576}}