{"Discharge": {"mean": 95.53147235905857, "std": 122.42398875705258}, "Dayl": {"mean": 43188.19272030652, "std": 7872.969803213471}, "Prcp": {"mean": 3.7699945265462507, "std": 7.889544209350457}, "Srad": {"mean": 327.74975369458133, "std": 134.64124262438185}, "Swe": {"mean": 0.0, "std": 0.0}, "Tmax": {"mean": 12.670405035577451, "std": 10.994722603915987}, "Tmin": {"mean": 0.33557744937055267, "std": 10.068363203842308}, "Vp": {"mean": 773.1394964422551, "std": 494.6967828205911}}