{"Discharge": {"mean": 210.08429118773947, "std": 299.7415541007636}, "Dayl": {"mean": 43187.89441707717, "std": 7724.116377757054}, "Prcp": {"mean": 3.7188834154351396, "std": 7.969049910394111}, "Srad": {"mean": 324.0776683087028, "std": 131.80700938923192}, "Swe": {"mean": 0.0, "std": 0.0}, "Tmax": {"mean": 12.997876299945265, "std": 10.832471796114014}, "Tmin": {"mean": 1.0850793650793655, "std": 9.920323018787903}, "Vp": {"mean": 809.9897920087576, "std": 511.6674119285291}}