{"Discharge": {"mean": 40.28345374931582, "std": 61.74249743171723}, "Dayl": {"mean": 43188.10973727422, "std": 7666.6271044956065}, "Prcp": {"mean": 3.8117952928297756, "std": 8.05878458841092}, "Srad": {"mean": 321.4267925561029, "std": 126.60370102381219}, "Swe": {"mean": 0.0, "std": 0.0}, "Tmax": {"mean": 13.288938149972632, "std": 10.568488477902765}, "Tmin": {"mean": 1.8465736179529284, "std": 9.781359156023683}, "Vp": {"mean": 849.3219376026273, "std": 529.8911883733676}}