{"Discharge": {"mean": 9.262671045429666, "std": 13.624122632508847}, "Dayl": {"mean": 43188.272304324026, "std": 7458.207777183505}, "Prcp": {"mean": 3.7071975916803503, "std": 8.229062197505945}, "Srad": {"mean": 306.4848932676519, "std": 112.96632399712263}, "Swe": {"mean": 0.0, "std": 0.0}, "Tmax": {"mean": 15.638221127531471, "std": 9.691749704374171}, "Tmin": {"mean": 5.589064039408867, "std": 9.19381637453976}, "Vp": {"mean": 1073.2213628899838, "std": 628.6439094613074}}