{"Discharge": {"mean": 229.61029009304872, "std": 298.71597477400525}, "Dayl": {"mean": 43187.13741105638, "std": 8439.024262956278}, "Prcp": {"mean": 3.511888341543514, "std": 6.265257389461366}, "Srad": {"mean": 314.55394088669954, "std": 138.22754202025138}, "Swe": {"mean": 0.0, "std": 0.0}, "Tmax": {"mean": 10.727580733442803, "std": 11.693012154522291}, "Tmin": {"mean": -0.6032512315270935, "std": 11.351059913735641}, "Vp": {"mean": 754.6128845101258, "std": 514.9978370606642}}