{"Dayl": {"mean": 0.0, "std": 0.0}, "Prcp": {"mean": 352.50518543956036, "std": 143.51885296415566}, "Srad": {"mean": 0.0, "std": 0.0}, "Swe": {"mean": 16.26904532967033, "std": 4.517383941372418}, "Tmax": {"mean": 385.8588392857143, "std": 402.6836893353001}, "Tmin": {"mean": 563.072081043956, "std": 452.4207467053724}, "Vp": {"mean": -3.837912087912088, "std": 17.637835269762}}