{"Dayl": {"mean": 367.6524168363882, "std": 267.16368968343266}, "Prcp": {"mean": 0.0, "std": 0.0}, "Srad": {"mean": 234.30587236931436, "std": 99.63848247619423}, "Swe": {"mean": 0.0, "std": 0.0}, "Tmax": {"mean": -15.366490156143922, "std": 4.3386520563489075}, "Tmin": {"mean": 565.224005431093, "std": 408.015134676102}, "Vp": {"mean": 26.061391717583163, "std": 80.72629005602674}}