{"Dayl": {"mean": 712.2317228050802, "std": 1317.8702884160064}, "Prcp": {"mean": 0.0, "std": 0.0}, "Srad": {"mean": 258.64907785753724, "std": 130.61678472071875}, "Swe": {"mean": 0.0, "std": 0.0}, "Tmax": {"mean": 0.0, "std": 0.0}, "Tmin": {"mean": 399.45749309773606, "std": 336.53712260841263}, "Vp": {"mean": 37.439812258420766, "std": 114.94101365318822}}