{"Dayl": {"mean": 558.1028773006135, "std": 295.02570455071793}, "Prcp": {"mean": 0.0, "std": 0.0}, "Srad": {"mean": 238.23554601226994, "std": 102.56650371387519}, "Swe": {"mean": 0.0, "std": 0.0}, "Tmax": {"mean": -11.571269938650305, "std": 1.4515919061852225}, "Tmin": {"mean": 600.8988895705521, "std": 464.46054605876776}, "Vp": {"mean": 30.251730061349694, "std": 116.79087214186386}}