{"Dayl": {"mean": 722.6269019607844, "std": 198.37496226869973}, "Prcp": {"mean": 0.0, "std": 0.0}, "Srad": {"mean": 189.80423529411766, "std": 74.61606535802638}, "Swe": {"mean": 0.0, "std": 0.0}, "Tmax": {"mean": -20.230882352941176, "std": 6.183695719459768}, "Tmin": {"mean": 566.3804313725491, "std": 386.4307378893355}, "Vp": {"mean": 23.094333333333335, "std": 96.37004448461838}}