{"Dayl": {"mean": 586.4442412451361, "std": 192.50201897649646}, "Prcp": {"mean": 0.0, "std": 0.0}, "Srad": {"mean": 179.30575875486383, "std": 75.17587739901829}, "Swe": {"mean": 11.254708171206225, "std": 0.44260813101152074}, "Tmax": {"mean": -13.849708171206224, "std": 0.9437967204151037}, "Tmin": {"mean": 532.1104085603113, "std": 371.6404896000224}, "Vp": {"mean": 24.299027237354082, "std": 101.11783918280322}}