{"Dayl": {"mean": 681.832308598351, "std": 313.7114592738231}, "Prcp": {"mean": 0.0, "std": 0.0}, "Srad": {"mean": 220.32850412249704, "std": 122.8400013922572}, "Swe": {"mean": 11.77, "std": 0.0}, "Tmax": {"mean": -15.583833922261483, "std": 3.898268585281847}, "Tmin": {"mean": 583.7051943462897, "std": 420.9719853930183}, "Vp": {"mean": 25.212962308598346, "std": 71.9304778194901}}