{"Dayl": {"mean": 533.4306745182013, "std": 326.8604910356716}, "Prcp": {"mean": 0.0, "std": 0.0}, "Srad": {"mean": 256.77694860813705, "std": 86.11052275989486}, "Swe": {"mean": 14.26608137044968, "std": 2.5803473318764456}, "Tmax": {"mean": -14.44144539614561, "std": 2.868430348566495}, "Tmin": {"mean": 605.7554817987153, "std": 446.63695898983616}, "Vp": {"mean": 24.68875802997859, "std": 76.37604147444064}}