{"Dayl": {"mean": 537.707153374233, "std": 568.466456115344}, "Prcp": {"mean": 0.0, "std": 0.0}, "Srad": {"mean": 260.2661165644172, "std": 110.5555410062692}, "Swe": {"mean": 0.0, "std": 0.0}, "Tmax": {"mean": -18.53, "std": 0.0}, "Tmin": {"mean": 623.9914417177914, "std": 385.16449234659285}, "Vp": {"mean": 55.23234969325153, "std": 197.77126872089588}}