{"Dayl": {"mean": 610.7503435582822, "std": 297.8347046677814}, "Prcp": {"mean": 0.0, "std": 0.0}, "Srad": {"mean": 217.55343558282206, "std": 85.70027723631249}, "Swe": {"mean": 0.0, "std": 0.0}, "Tmax": {"mean": -12.89369938650307, "std": 2.649276992780889}, "Tmin": {"mean": 554.555282208589, "std": 447.0480963802332}, "Vp": {"mean": 27.59198773006135, "std": 96.80014688854568}}