{"Dayl": {"mean": 488.1347368421051, "std": 156.4267898052964}, "Prcp": {"mean": 0.0, "std": 0.0}, "Srad": {"mean": 180.19105263157888, "std": 41.74022853123035}, "Swe": {"mean": 0.0, "std": 0.0}, "Tmax": {"mean": 0.0, "std": 0.0}, "Tmin": {"mean": 669.2182456140351, "std": 269.6541329225}, "Vp": {"mean": 38.740438596491224, "std": 154.18320725335312}}