{"Dayl": {"mean": 650.6895121951219, "std": 58.766708592420244}, "Prcp": {"mean": 0.0, "std": 0.0}, "Srad": {"mean": 136.00373983739837, "std": 11.258286299604398}, "Swe": {"mean": 0.0, "std": 0.0}, "Tmax": {"mean": 0.0, "std": 0.0}, "Tmin": {"mean": 593.7226016260164, "std": 314.56639121859234}, "Vp": {"mean": 36.211544715447154, "std": 169.32184132967726}}